YearsExperience,Salary
1.2,39344
1.4,46206
1.6,37732
2.1,43526
2.3,39892
3,56643
3.1,60151
3.3,54446
3.3,64446
3.8,57190
4,63219
4.1,55795
4.1,56958
4.19999999999999,57082
4.6,61112
5,67939
5.19999999999999,66030
5.39999999999999,83089
6,81364
6.1,93941
6.89999999999999,91739
7.19999999999999,98274
8,101303
8.29999999999999,113813
8.79999999999999,109432
9.1,105583
9.6,116970
9.7,112636
10.4,122392
10.6,121873
